<?xml version="1.0"?>
<template
        format="5"
        revision="2"
        name="DaDa Activity"
        minApi="17"
        minBuildApi="17"
        description="Generate DaDa MVP">

    <category value="Activity"/>
    <formfactor value="Mobile"/>

    <parameter
            id="instantAppActivityHost"
            name="Instant App URL Host"
            type="string"
            suggest="${companyDomain}"
            default="instantapp.example.com"
            visibility="isInstantApp!false"
            help="The domain to use in the Instant App route for this activity"/>

    <parameter
            id="instantAppActivityRouteType"
            name="Instant App URL Route Type"
            type="enum"
            default="pathPattern"
            visibility="isInstantApp!false"
            help="The type of route to use in the Instant App route for this activity" >
            <option id="path">Path</option>
            <option id="pathPrefix">Path Prefix</option>
            <option id="pathPattern">Path Pattern</option>
    </parameter>

    <parameter
            id="instantAppActivityRoute"
            name="Instant App URL Route"
            type="string"
            default="/.*"
            visibility="isInstantApp!false"
            help="The route to use in the Instant App route for this activity"/>

    <parameter
            id="activityClass"
            name="Activity Name"
            type="string"
            constraints="class|unique|nonempty"
            suggest="${layoutToActivity(layoutName)}"
            default="MainActivity"
            help="The name of the activity class to create"/>


   <parameter
            id="activityName"
            name="前缀请手动大写"
            type="string"
            suggest="${underscoreToCamelCase(classToResource(activityClass))}"
            default=""
            help="各个模块的名称前缀，手写字母请手动大些一下"/>

    <parameter
            id="layoutName"
            name="Layout Name"
            type="string"
            constraints="layout|unique|nonempty"
            suggest="${activityToLayout(activityClass)}"
            default="activity_main"
            help="The name of the layout to create for the activity"/>

    <parameter
            id="activityTitle"
            name="Title"
            type="string"
            constraints="nonempty"
            default="MainActivity"
            suggest="${activityClass}"
            help="The name of the activity. For launcher activities, the application title."/>

    

    <parameter
            id="isLauncher"
            name="Launcher Activity"
            type="boolean"
            default="false"
            visibility="false"
            help="If true, this activity will have a CATEGORY_LAUNCHER intent filter, making it visible in the launcher"/>

    <parameter
            id="useFragment"
            name="Use a Fragment"
            type="boolean"
            default="false"
            help="If true, the content will be a fragment"/>

        <parameter
            id="onlyFragment"
            name="Just use a Fragment"
            type="boolean"
            default="false"
            help="If true, There is no Activity create"/>

    <parameter
            id="contentLayoutName"
            name="Content Layout Name"
            type="string"
            constraints="layout|unique"
            suggest="${activityToLayout(activityClass, 'content')}"
            default="content_main"
            visibility="false"
            help="The name of the App Bar layout to create for the activity"/>

    <parameter
            id="parentActivityClass"
            name="Hierarchical Parent"
            type="string"
            constraints="activity|exists|empty"
            suggest=""
            visibility="false"
            help="The hierarchical parent activity, used to provide a default implementation for the 'Up' button"/>

    <parameter
            id="fragmentLayoutName"
            name="Fragment Layout Name"
            type="string"
            constraints="layout|unique|nonempty"
            suggest="${activityToLayout(activityClass, 'fragment')}"
            default="fragment_main"
            visibility="false"
            help="The name of the layout to create for the activity's content fragment"/>

    <parameter
            id="packageName"
            name="Package name"
            type="string"
            constraints="package"
            default="com.mycompany.myapp"/>
        

    <!-- 128x128 thumbnails relative to template.xml -->
    <thumbs>
        <!-- default thumbnail is required -->
        <thumb>itemplate_dada_activity.png</thumb>
    </thumbs>

    <globals file="globals.xml.ftl"/>
    <execute file="recipe.xml.ftl"/>

</template>
