<?xml version="1.0" encoding="utf-8"?>
<manifest xmlns:android="http://schemas.android.com/apk/res/android"
          package="com.facebook.profilo.sample">
  <uses-sdk android:minSdkVersion="9" android:targetSdkVersion="27"/>
  <application
      android:allowBackup="false"
      android:debuggable="true"
      android:hardwareAccelerated="true">
    <activity android:name=".SampleAppMainActivity"
        android:label="Profilo"
        android:exported="true">
        <intent-filter>
            <action android:name="android.intent.action.MAIN"/>
            <category android:name="android.intent.category.LAUNCHER"/>
        </intent-filter>
    </activity>
  </application>
</manifest>
