<Matrix platform="android">
<TraceCanary>
    <!-- 是否开启fps监控,默认为true -->
    <FPSEnable>true</FPSEnable>
    <!-- 是否开启卡顿监控,默认为true -->
    <MethodTraceEnable>true</MethodTraceEnable>
    <!-- 指定监控的场景值（activity name，通过;隔开）默认""代表所有场景。 -->
    <CareSceneSet>"a;b;c;"</CareSceneSet>
    <!-- 多久计算一次平均帧率,默认6 * 1000ms -->
    <FPSTimeSlice>6000</FPSTimeSlice>
    <!-- 界面加载阈值，默认1000ms -->
 	<LoadActivityThreshold>1000</LoadActivityThreshold>
 	<!-- 卡顿捕获阈值，默认3000ms -->
 	<EvilMethodThreshold>3000</EvilMethodThreshold>
 	<!-- 多久上报fps数据，默认2 * 60 * 1000ms -->
 	<FpsReportThreshold>120000</FpsReportThreshold>
 	<!-- 最大裁剪后上报调用栈数 -->
	<MaxEvilMethodStackNum>12</MaxEvilMethodStackNum>
	<!-- 最大裁剪循环次数 -->
	<MaxEvilMethodTryTrimNum>20</MaxEvilMethodTryTrimNum>
	<!-- 最小裁剪时间阈值 -->
	<MinEvilMethodDuration>5</MinEvilMethodDuration>
	<!-- 时间线程更新时间间隔ms -->
	<TimeUpdateDuration>5</TimeUpdateDuration>
	<!-- 默认普通掉帧阈值 -->
	<DefaultDroppedNormal>2</DefaultDroppedNormal>
	<!-- 默认中等掉帧阈值 -->
	<DefaultDroppedMiddle>6</DefaultDroppedMiddle>
	<!-- 默认严重掉帧阈值 -->
	<DefaultDroppedHigh>12</DefaultDroppedHigh>
</TraceCanary>
<SqliteLint>
    <!-- 开启检测的db name,多个节点则检测多个db -->
    <ConcernDB name = "contact">
        <!-- 是否开启Explain Query Plan检测，默认为true -->
        <EnableExplainQueryPlanChecker>true</EnableExplainQueryPlanChecker>
        <!-- 是否开启避免使用select *检测，默认为true -->
        <EnableAvoidSelectAllChecker>true</EnableAvoidSelectAllChecker>
        <!-- 是否开启避免使用RowId检测，默认为true -->
        <EnableWithoutRowIdBetterChecker>true</EnableWithoutRowIdBetterChecker>
        <!-- 是否开启避免使用AutoIncrement检测，默认为true -->
        <EnableAvoidAutoIncrementChecker>true</EnableAvoidAutoIncrementChecker>
        <!-- 是否开启建议使用PreparedStatement检测，默认为true -->
        <EnablePreparedStatementBetterChecker>true</EnablePreparedStatementBetterChecker>
        <!-- 是否开启冗余索引检测，默认为true -->
        <EnableRedundantIndexChecker>true</EnableRedundantIndexChecker>
        <!-- 白名单 -->
        <WhilteList>
            <!-- 白名单可以是sql语句，也可以是table名 -->
            <checker name="ExplainQueryPlanChecker">
                <element>select from sqlite_master where type='table'</element>
                <element>testTable</element>
            </checker>
            <!-- 白名单是table名 -->
            <checker name="AvoidAutoIncrementChecker">
                <element>testTable</element>
                <element>testTableAutoIncrement</element>
            </checker>
            <!-- 白名单是sql语句 -->
            <checker name="AvoidSelectAllChecker">
                <element>select * from testTable order by age</element>
            </checker>
            <!-- 白名单是table名 -->
            <checker name="WithoutRowIdBetterChecker">
                <element>testTableWithoutRowid</element>
            </checker>
            <!-- 白名单是sql语句 -->
            <checker name="PreparedStatementBetterChecker">
                <element>insert into testTable(Id,name,age) values(?,?,?)</element>
            </checker>
            <!-- 白名单是table名 -->
            <checker name="RedundantIndexChecker">
                <element>testTableRedundantIndex</element>
            </checker>
        </WhilteList>
    </ConcernDB>
</SqliteLint>
<IOCanary>
    <!-- 是否开启主线程文件IO监控，默认为true -->
    <FileIOMainThreadEnable>true</FileIOMainThreadEnable>
    <!-- 指定主线程连续文件IO时间阈值，单位ms，默认为500ms -->
    <MainThreadThreshold>500</MainThreadThreshold>
    <!-- 是否开启文件IO过小Buffer监控，默认为true -->
    <FileIOSmallBufferEnable>true</FileIOSmallBufferEnable>
    <!-- 置顶小buffer阈值，单位B，默认为4096B（4KB) -->
    <SmallBufferThreshold>4096</SmallBufferThreshold>
    <!-- 是否开启文件IO重复读监控，默认为true -->
    <FileIORepeatReadEnable>true</FileIORepeatReadEnable>
    <!-- 指定重复读次数阈值，默认为5次 -->
    <FileIORepeatReadEnable>5</FileIORepeatReadEnable>
    <!-- 是否开启CloseableLeak监控，默认为true -->
    <CloseableLeakEnable>true</CloseableLeakEnable>
</IOCanary>
<BatteryCanary>
    <!-- 是否开启WakeLock使用监控，默认为true -->
    <DetectWakeLockEnable>true</DetectWakeLockEnable>
    <!-- 是否开启记录WakeLock使用，默认为false -->
    <RecordWakeLockEnable>false</RecordWakeLockEnable>
    <!-- 指定单次获取WakeLock的持有时间阈值，单位ms，默认2分钟 -->
    <WakeLockHoldTimeThreshold>120000</WakeLockHoldTimeThreshold>
    <!-- 指定WakeLock 1小时获取次数阈值，默认20次-->
    <WakeLock1HAcquireCntThreshold>20</WakeLock1HAcquireCntThreshold>
    <!-- 指定WakeLock 1小时内总持有时间阈值，单位ms，默认10分钟 -->
    <WakeLock1HHoldTimeThreshold>600000</WakeLock1HHoldTimeThreshold>
    <!-- 是否开启Alarm使用监控，默认为true -->
    <DetectAlarmEnable>true</DetectAlarmEnable>
    <!-- 是否开启记录使用Alarm，默认为false -->
    <RecordAlarmEnable>false</RecordAlarmEnable>
    <!-- 指定Alarm 1小时触发次数阈值，默认20次-->
    <AlarmTriggerCntThreshold>20</AlarmTriggerCntThreshold>
    <!-- 指定WakeUp类型的Alarm 1小时触发次数阈值，默认12次-->
    <WakeUpAlarmTriggerCntThreshold>12</WakeUpAlarmTriggerCntThreshold>
</BatteryCanary>
</Matrix>
